Keyword,avg_monthly_searces
San Diego best cafes,"1,900"
best coffee in San Diego,"1,900"
best coffee shops in San Diego,"1,900"
coffee with wifi near me,"1,300"
best coffee San Diego,"1,000"
San Diego coffee,"1,000"
San Diego coffee roasters,880
Oceanside coffee shops,590
Encinitas coffee shops,590
Del Mar coffee shops,590
Coffee San Diego,590
North Park coffee shops,480
best cafes in San Diego,480
Carlsbad coffee shops,480
best San Diego coffee shops,390
best coffee La Jolla,320
Coffee in San Diego,320
coffee Ocean Beach San Diego,260
San Marcos coffee shops,210
San Diego best coffee,210
best San Diego cafes,210
Hillcrest coffee shops,170
Ocean Beach coffee,170
best coffee downtown San Diego,170
best coffee Carlsbad,170
Mission Valley coffee,170
El Cajon coffee shops,170
best coffee downtown San Diego,170
coffee Little Italy San Diego,170
coffee Pacific Beach San Diego,170
coffee shops in La Jolla,140
specialty coffee San Diego,140
Specialty Coffee San Diego,140
La Mesa coffee,140
Escondido coffee,140
dog friendly coffee shops San Diego,110
Santee coffee,110
Mira Mesa coffee,110
Pacific Beach coffee shops,90
coffee Hillcrest San Diego,90
dog friendly cafes San Diego,90
best coffee Little Italy,70
coffee North Park San Diego,70
coffee roasters in San Diego,70
coffee shops Escondido,70
Sorrento Valley coffee,70
Clairemont coffee shops,70
Barrio Logan coffee,70
coffee North Park San Diego,70
Chula Vista coffee shops,50
best coffee Little Italy San Diego,50
San Diego specialty coffee,40
coffee shops in Hillcrest San Diego,40
downtown San Diego coffee shops,40
coffee subscription San Diego,40
best coffee Pacific Beach San Diego,40
best cafes San Diego,30
best espresso San Diego,30
best espresso in San Diego,30
craft coffee San Diego,30
local coffee roasters San Diego,30
coffee shops near me San Diego,30
Rancho Santa Fe coffee,30
Little Italy coffee San Diego,20
San Diego best coffee shops,20
best cold brew San Diego,20
best specialty coffee San Diego,20
coffee shops with outdoor seating San Diego,20
cold brew San Diego,20
filter coffee San Diego,20
pour over coffee San Diego,20
third wave coffee San Diego,20
third-wave coffee San Diego,20
coffee crawl San Diego,20
Specialty Coffee in San Diego,20
San Diego coffee tour,20
National City coffee,20
Kensington coffee San Diego,20
best coffee La Mesa,20
best coffee North Park San Diego,20
coffee near me San Diego,20
cold brew coffee San Diego,20
San Diego coffee roaster,10
coffee roasters Oceanside,10
Vista coffee shops,10
,
,
,
,
,
,
,
,
,
,
,
,
,
,
,
,
,
,
,
,
,
,
,
,
,
,
,
,
,
,
,
,
,
,
,
,
,
,
,
,
,
,
,
,
,
,
,
,
,
,
,
,
,
,
,
,
,
,
,
,
,
,
,
,
,
,
,
,
,
,
,
,
,
,
,
,
,
,
,
,
,
,
,
,
,
,
,
,
,
,
,
,
,
,
,
,
,
,
,
,
,
,
,
,
,
,
,
,
,
,
,
,
,
,
,
,
,
,
,
,
,
,
,
,
,
,
,
,
,
,
,
,
,
,
,
,
,
,
,
,
,
,
,
,
,
,
,
,
,
,
,
,
,
,
,
,
,
,
,
,
,
,
,
,
,
,
,
,
,
,
,
,
,
,
,
,
,
,
,
,
,
,
,
,
,
,
,
,
,
,
,
,
,
,
,
,
,
,
,
,
,
,
,
,
,
,
,
,
,
,
,
,
,
,
,
,
,
,
,
,
,
,
,
,
,
,
,
,
,
,
,
,
,
,
,
,
,
,
,
,
,
,
,
,
,
,
,
,
,
,
,
,
,
,
,
,
,
,
,
,
,
,
,
,
,
,
,
,
,
,
,
,
,
,
,
,
,
,
,
,
,
,
,
,
,
,
,
,
,
,
,
,
,
,
,
,
,
,
,
,
,
,
,
,
,
,
,
,
,
,
,
,
,
,
,
,
,
,
,
,
,
,
,
,
,
,
,
,
,
,
,
,
,
,
,
,
,
,
,
,
,
,
,
,
,
,
,
,
,
,
,
,
,
,
,
,
,
,
,
,
,
,
,
,
,
,
,
,
,
,
,
,
,
,
,
,
,
,
,
,
,
,
,
,
,
,
,
,
,
,
,
,
,
,
,
,
,
,
,
,
,
,
,
,
,
,
,
,
,
,
,
,
,
,
,
,
,
,
,
,
,
,
,
,
,
,
,
,
,
,
,
,
,
,
,
,
,
,
,
,
,
,
,
,
,
,
,
,
,
,
,
,
,
,
,
,
,
,
,
,
,
,
,
,
,
,
,
,
,
,
,
,
,
,
,
,
,
,
,
,
,
,
,
,
,
,
,
,
,
,
,
,
,
,
,
,
,
,
,
,
,
,
,
,
,
,
,
,
,
,
,
,
,
,
,
,
,
,
,
,
,
,
,
,
,
,
,
,
,
,
,
,
,
,
,
,
,
,
,
,
,
,
,
,
,
,
,
,
,
,
,
,
,
,
,
,
,
,
,
,
,
,
,
,
,
,
,
,
,
,
,
,
,
,
,
,
,
,
,
,
,
,
,
,
,
,
,
,
,
,
,
,
,
,
,
,
,
,
,
,
,
,
,
,
,
,
,
,
,
,
,
,
,
,
,
,
,
,
,
,
,
,
,
,
,
,
,
,
,
,
,
,
,
,
,
,
,
,
,
,
,
,
,
,
,
,
,
,
,
,
,
,
,
,
,
,
,
,
,
,
,
,
,
,
,
,
,
,
,
,
,
,
,
,
,
,
,
,
,
,
,
,
,
,
,
,
,
,
,
,
,
,
,
,
,
,
,
,
,
,
,
,
,
,
,
,
,
,
,
,
,
,
,
,
,
,
,
,
,
,
,
,
,
,
,
,
,
,
,
,
,
,
,
,
,
,
,
,
,
,
,
,
,
,
,
,
,
,
,
,
,
,
,
,
,
,
,
,
,
,
,
,
,
,
,
,
,
,
,
,
,
,
,
,
,
,
,
,
,
,
,
,
,
,
,
,
,
,
,
,
,
,
,
,
,
,
,
,
,
,
,
,
,
,
,
,
,
,
,
,
,
,
,
,
,
,
,
,
,
,
,
,
,
,
,
,
,
,
,
,
,
,
,
,
,
,
,
,
,
,
,
,
,
,
,
,
,
,
,
,
,
,
,
,
,
,
,
,
,
,
,
,
,
,
,
,
,
,
,
,
,
,
,
,
,
,
,
,
,
,
,
,
,
,
,
,
,
,
,
,
,
,
,
,
,
,
,
,
,
,
,
,
,
,
,
,
,
,
,
,
,
,
,
,
